{
    "reso": "[[128, 128, 128], [256, 256, 256], [512, 512, 512], [640, 640, 640]]",
    "seq_id": 5075,
    "n_iters": 102400,
    "background_nlayers": 64,
    "background_reso": 1024,
    "upsamp_every": 25600,
    "near_clip": 0.35,
    "lr_sigma": 3e1,
    "lr_sh": 1e-2,
    "lr_sigma_delay_steps": 0,
    "lr_fg_begin_step": 1000,
    "thresh_type": "weight",
    "weight_thresh": 1.28,
    "lambda_tv": 5e-5,
    "lambda_tv_sh": 5e-3,
    "lambda_tv_background_sigma": 1e-3,
    "lambda_tv_background_color": 1e-3,
    "lambda_beta": 1e-5,
    "lambda_sparsity": 1e-11,
    "background_brightness": 0.5,
    "tv_early_only": 0,
    "tv_decay": 0.5
}
